{
  "hash": "2edac331",
  "configHash": "cd86642d",
  "lockfileHash": "a646760b",
  "browserHash": "2eabb4a0",
  "optimized": {
    "@angular/common": {
      "src": "../../../../../../node_modules/@angular/common/fesm2022/common.mjs",
      "file": "@angular_common.js",
      "fileHash": "842904a7",
      "needsInterop": false
    },
    "@angular/common/http": {
      "src": "../../../../../../node_modules/@angular/common/fesm2022/http.mjs",
      "file": "@angular_common_http.js",
      "fileHash": "6baefa4f",
      "needsInterop": false
    },
    "@angular/core": {
      "src": "../../../../../../node_modules/@angular/core/fesm2022/core.mjs",
      "file": "@angular_core.js",
      "fileHash": "5b126ebc",
      "needsInterop": false
    },
    "@angular/forms": {
      "src": "../../../../../../node_modules/@angular/forms/fesm2022/forms.mjs",
      "file": "@angular_forms.js",
      "fileHash": "0205ac8e",
      "needsInterop": false
    },
    "@angular/platform-browser": {
      "src": "../../../../../../node_modules/@angular/platform-browser/fesm2022/platform-browser.mjs",
      "file": "@angular_platform-browser.js",
      "fileHash": "4e4953c2",
      "needsInterop": false
    },
    "@angular/router": {
      "src": "../../../../../../node_modules/@angular/router/fesm2022/router.mjs",
      "file": "@angular_router.js",
      "fileHash": "fd934c0d",
      "needsInterop": false
    }
  },
  "chunks": {
    "chunk-ZGA37EZJ": {
      "file": "chunk-ZGA37EZJ.js"
    },
    "chunk-UGN7SFZL": {
      "file": "chunk-UGN7SFZL.js"
    },
    "chunk-3NOPGBEW": {
      "file": "chunk-3NOPGBEW.js"
    },
    "chunk-RATSZTP3": {
      "file": "chunk-RATSZTP3.js"
    }
  }
}